eventID,totalE_units,totalMIPs,energy_GeV
0,4.368386835132e+03,3.984248423330e+02,4.238242219792e+00
1,4.590907651601e+03,4.578961539660e+02,4.870867992707e+00
2,4.631768852393e+03,4.602016366495e+02,4.895392552946e+00
3,4.619509417162e+03,4.401343932698e+02,4.681927354268e+00
4,4.580666387466e+03,4.752566364202e+02,5.055540035903e+00
5,4.542070334900e+03,4.290423421151e+02,4.563935716918e+00
6,4.341934819964e+03,3.923462713487e+02,4.173581452078e+00
7,4.487809911530e+03,3.794302238355e+02,4.036187062805e+00
8,4.796532176086e+03,4.984748134625e+02,5.302523275278e+00
9,4.822532274799e+03,4.960196153497e+02,5.276406117927e+00
10,4.914779887813e+03,5.261167331863e+02,5.596564054773e+00
11,4.891415115327e+03,4.683174119384e+02,4.981724071017e+00
12,4.811606799364e+03,4.725679540432e+02,5.026939190887e+00
13,4.513015101799e+03,4.110129673603e+02,4.372148335301e+00
14,4.570383102954e+03,4.116583051695e+02,4.379013112941e+00
15,4.877604221435e+03,5.025665487934e+02,5.346049088906e+00
16,4.955732116462e+03,5.326152873157e+02,5.665692391043e+00
17,4.924334671022e+03,5.261869187940e+02,5.597310653816e+00
18,4.912400841172e+03,5.172441921689e+02,5.502182445141e+00
19,4.833483062867e+03,5.039057102287e+02,5.360294411815e+00
20,4.516630250138e+03,4.523908755315e+02,4.812305621556e+00
21,4.516117284560e+03,4.388153278600e+02,4.667895802727e+00
22,4.903501983717e+03,5.309369550355e+02,5.647839140007e+00
23,4.940325062593e+03,5.301872209292e+02,5.639863847291e+00
24,4.950815384334e+03,5.240530058081e+02,5.574611165356e+00
25,4.939055922637e+03,5.542440817649e+02,5.895768581224e+00
26,4.917543740994e+03,4.743274663377e+02,5.045655993908e+00
27,4.662605445181e+03,4.604451806020e+02,4.897983250493e+00
28,4.424321062376e+03,4.500916092258e+02,4.787847188004e+00
29,4.851150480757e+03,4.879720984652e+02,5.190800698284e+00
30,4.921222719226e+03,5.300717842183e+02,5.638635889870e+00
31,4.905234518070e+03,5.016539692809e+02,5.336341529015e+00
32,4.908525778131e+03,4.816607411200e+02,5.123663666848e+00
33,4.884889046571e+03,5.019163241934e+02,5.339132328053e+00
34,4.567653907846e+03,4.382022735388e+02,4.661374440525e+00
35,4.416999334321e+03,4.457094173159e+02,4.741231644006e+00
36,4.833297611335e+03,4.728231340634e+02,5.029653667045e+00
37,4.834804583737e+03,5.136377601973e+02,5.463819043514e+00
38,4.930808983168e+03,5.373043655751e+02,5.715572437012e+00
39,4.902060327044e+03,5.079582853033e+02,5.403403658415e+00
40,4.800072075906e+03,5.186615367383e+02,5.517259440739e+00
41,4.588677202787e+03,4.126577224107e+02,4.389644408726e+00
42,4.157560498678e+03,3.834178982820e+02,4.078605929308e+00
43,4.571793857699e+03,4.087375372420e+02,4.347943459071e+00
44,4.643561181757e+03,4.735075356355e+02,5.036933985263e+00
45,4.659754675972e+03,4.466924720803e+02,4.751688884027e+00
46,4.556057598661e+03,4.391587543605e+02,4.671549000367e+00
47,4.538819918885e+03,4.326296261460e+02,4.602095432424e+00
48,4.310987890937e+03,4.076770192659e+02,4.336662204532e+00
49,4.329203809274e+03,3.962917681303e+02,4.215551653886e+00
50,4.478565173430e+03,4.463174555047e+02,4.747699647126e+00
51,4.586509574558e+03,4.550751863707e+02,4.840859964360e+00
52,4.542311605142e+03,4.313384935684e+02,4.588361016242e+00
53,4.646689799520e+03,4.810377003556e+02,5.117036073908e+00
54,4.420443680192e+03,4.170791733952e+02,4.436677570929e+00
55,4.296133673330e+03,3.886038168750e+02,4.133771111781e+00
56,4.674241260345e+03,3.956059628974e+02,4.208256404233e+00
57,4.828270541836e+03,5.010101664121e+02,5.329493079295e+00
58,4.903848357522e+03,5.038248172264e+02,5.359433912917e+00
59,4.878266132128e+03,5.233510123574e+02,5.567143713620e+00
60,4.839546572537e+03,4.629278881987e+02,4.924393039837e+00
61,4.849689089125e+03,4.769126541140e+02,5.073155915639e+00
62,4.501458241640e+03,4.101121473887e+02,4.362565867466e+00
63,4.480340986107e+03,4.018949719249e+02,4.275155705554e+00
64,4.854443789030e+03,5.002928668402e+02,5.321862808773e+00
65,4.895930632575e+03,5.254870656993e+02,5.589865970105e+00
66,4.897000395565e+03,5.223149651381e+02,5.556122766631e+00
67,4.962270756085e+03,5.254392685859e+02,5.589357528555e+00
68,4.907326115875e+03,5.134509765586e+02,5.461832133513e+00
69,4.468107069504e+03,4.480912257075e+02,4.766568118574e+00
70,4.551284707360e+03,4.411676023598e+02,4.692918110672e+00
71,4.874989195674e+03,5.270575941953e+02,5.606572458937e+00
72,4.921594914571e+03,5.276960014720e+02,5.613363513074e+00
73,4.924571431230e+03,5.203574542766e+02,5.535299754867e+00
74,4.909162521753e+03,5.514444340114e+02,5.865987342584e+00
75,4.922754530813e+03,4.731980895180e+02,5.033642253773e+00
76,4.584110712204e+03,4.526048625217e+02,4.814581907068e+00
77,4.419559533192e+03,4.495663952160e+02,4.782260226665e+00
78,4.904561655019e+03,4.934701510881e+02,5.249286204902e+00
79,4.920891391061e+03,5.315198088999e+02,5.654039245005e+00
80,4.935144302962e+03,5.041503672539e+02,5.362896949668e+00
81,4.897554522774e+03,4.792736825616e+02,5.098271343658e+00
82,4.835744951510e+03,4.974783817167e+02,5.291923737686e+00
83,4.500128527363e+03,4.318084186834e+02,4.593359842247e+00
84,4.480982998518e+03,4.521397768108e+02,4.809634560200e+00
85,4.791423183658e+03,4.684359647752e+02,4.982985176211e+00
86,4.889749807106e+03,5.182668664164e+02,5.513061137211e+00
87,4.837970204428e+03,5.260524615252e+02,5.595880365308e+00
88,4.832495028655e+03,5.011716503726e+02,5.331210864098e+00
89,4.868103816807e+03,5.259969917241e+02,5.595290305582e+00
90,4.587543913401e+03,4.113790224177e+02,4.376042244098e+00
91,4.385913312961e+03,4.046564910126e+02,4.304531350706e+00
92,4.584377434004e+03,4.073929875825e+02,4.333640818954e+00
93,4.590606908910e+03,4.700176789879e+02,4.999810653048e+00
94,4.609653440924e+03,4.423545416618e+02,4.705544171418e+00
95,4.555539902586e+03,4.393067623717e+02,4.673123434828e+00
96,4.541328137189e+03,4.329837388375e+02,4.605862304367e+00
97,4.320684064724e+03,4.084780078512e+02,4.345182716505e+00
98,4.263235428457e+03,3.889750229491e+02,4.137719814493e+00
99,4.485203624057e+03,4.455239934592e+02,4.739259198680e+00
100,4.555132765571e+03,4.522623672949e+02,4.810938615847e+00
101,4.555653333928e+03,4.341051883569e+02,4.617791717885e+00
102,4.623517324624e+03,4.785392593966e+02,5.090458921002e+00
103,4.466541111309e+03,4.206905704240e+02,4.475093788326e+00
104,4.224420386084e+03,3.807307287308e+02,4.050021176969e+00
105,4.542212749505e+03,3.828153599727e+02,4.072196431128e+00
106,4.822422075050e+03,4.991490514339e+02,5.309695478246e+00
107,4.851925383739e+03,4.991979240587e+02,5.310215360542e+00
108,4.865747267046e+03,5.207669350937e+02,5.539655604962e+00
109,4.882632185180e+03,4.677831963167e+02,4.976041355077e+00
110,4.851396156436e+03,4.752235997293e+02,5.055188608272e+00
111,4.495203241868e+03,4.102357500842e+02,4.363880690507e+00
112,4.622458847331e+03,4.155197719516e+02,4.420089446059e+00
113,4.835949447729e+03,4.967864713093e+02,5.284563544271e+00
114,4.907665511633e+03,5.276941397302e+02,5.613343708805e+00
115,4.836239201275e+03,5.163553802901e+02,5.492727713332e+00
116,4.922578034593e+03,5.177731320508e+02,5.507809040425e+00
117,4.853768793312e+03,5.091493859190e+02,5.416073985115e+00
118,4.557299941386e+03,4.568605749309e+02,4.859852026025e+00
119,4.561370846105e+03,4.433277751659e+02,4.715896937832e+00
120,4.878061245306e+03,5.285129009898e+02,5.622053277511e+00
121,4.928527004475e+03,5.290403962747e+02,5.627664505903e+00
122,4.958043046673e+03,5.248373198864e+02,5.582954302348e+00
123,4.939615757110e+03,5.560667810642e+02,5.915157535685e+00
124,4.897846561073e+03,4.711975540963e+02,5.012361568470e+00
125,4.534689427744e+03,4.480414530366e+02,4.766038662042e+00
126,4.463584615255e+03,4.545445105983e+02,4.835214903549e+00
127,4.906189255775e+03,4.920775861518e+02,5.234472802524e+00
128,4.923930036400e+03,5.327530657281e+02,5.667158008198e+00
129,4.934091198992e+03,5.031627984053e+02,5.352391691098e+00
130,4.933558323403e+03,4.810335448915e+02,5.116991870179e+00
131,4.815706477133e+03,4.940631235112e+02,5.255593946016e+00
132,4.669064170810e+03,4.490971063204e+02,4.777268168441e+00
133,4.428643705813e+03,4.463087196359e+02,4.747606719365e+00
134,4.796764118500e+03,4.685544468433e+02,4.984245528604e+00
135,4.869168068324e+03,5.158865887740e+02,5.487740945981e+00
136,4.826562767215e+03,5.240243132792e+02,5.574305948728e+00
137,4.878587931595e+03,5.047809420428e+02,5.369604685754e+00
138,4.817928424776e+03,5.221882724737e+02,5.554775074062e+00
139,4.587928860377e+03,4.101981043062e+02,4.363480233735e+00
140,4.406001806360e+03,4.072376460178e+02,4.331988373855e+00
141,4.488432355775e+03,3.994492696839e+02,4.249139560491e+00
142,4.501988408990e+03,4.600820662920e+02,4.894120623880e+00
143,4.508850597521e+03,4.309003864876e+02,4.583700654414e+00
144,4.484362776683e+03,4.318273619170e+02,4.593561350797e+00
145,4.547984505424e+03,4.354359529429e+02,4.631947719354e+00
146,4.367405670606e+03,4.128378072817e+02,4.391560060619e+00
147,4.401502300325e+03,4.012929155887e+02,4.268751334361e+00
148,4.533127730891e+03,4.513260149514e+02,4.800978172588e+00
149,4.687557251105e+03,4.658340219165e+02,4.955307022378e+00
150,4.471245874258e+03,4.243306374187e+02,4.513814982340e+00
151,4.568499932646e+03,4.740824527424e+02,5.043049663043e+00
152,4.575784570794e+03,4.311793871898e+02,4.586668522955e+00
153,4.347393448182e+03,3.921883378047e+02,4.171901434812e+00
154,4.606779341084e+03,3.878127548594e+02,4.125356193641e+00
155,4.865430123725e+03,5.057292803807e+02,5.379692629968e+00
156,4.896740352349e+03,5.024204553805e+02,5.344495020974e+00
157,4.838008696456e+03,5.178631719037e+02,5.508766838900e+00
158,4.858405606537e+03,4.646064465112e+02,4.942248695290e+00
159,4.837728014042e+03,4.737939891293e+02,5.039981132837e+00
160,4.386204099405e+03,3.999850266903e+02,4.254838672903e+00
161,4.535299287496e+03,4.060411408299e+02,4.319260556047e+00
162,4.866225826836e+03,5.010791043503e+02,5.330226406260e+00
163,4.904041924177e+03,5.262818485119e+02,5.598320468203e+00
164,4.916447256795e+03,5.247425065699e+02,5.581945726179e+00
165,4.931761842005e+03,5.210624725604e+02,5.542799383250e+00
166,4.854714654256e+03,5.080964987839e+02,5.404873903607e+00
167,4.551238670264e+03,4.554928277206e+02,4.845302622080e+00
168,4.560425345049e+03,4.437413165461e+02,4.720295982147e+00
169,4.838515667719e+03,5.241293047986e+02,5.575422795477e+00
170,4.919161382243e+03,5.274027909404e+02,5.610244487546e+00
171,4.919056593813e+03,5.197282012955e+02,5.528606079503e+00
172,4.946422655264e+03,5.542080808686e+02,5.895385621874e+00
173,4.919496514498e+03,4.737262232055e+02,5.039260273169e+00
174,4.590727343015e+03,4.534985739591e+02,4.824088757906e+00
175,4.519682228865e+03,4.599646119782e+02,4.892871204219e+00
176,4.880707023433e+03,4.898847823389e+02,5.211146863195e+00
177,4.875660628687e+03,5.265515848818e+02,5.601189787457e+00
178,4.931945428408e+03,5.023485905811e+02,5.343730559538e+00
179,4.913104915748e+03,4.801663916525e+02,5.107767532041e+00
180,4.837728850203e+03,4.970751485004e+02,5.287634346412e+00
181,4.660109426342e+03,4.482605291622e+02,4.768369083206e+00
182,4.442118101762e+03,4.483164605834e+02,4.768964053412e+00
183,4.801117877800e+03,4.695547258693e+02,4.994885991620e+00
184,4.868195834591e+03,5.160705971482e+02,5.489698334118e+00
185,4.888359451372e+03,5.326211041873e+02,5.665754267984e+00
186,4.869916123515e+03,5.051806744691e+02,5.373856837392e+00
187,4.815109384957e+03,5.181893428343e+02,5.512236480503e+00
188,4.573032370342e+03,4.115940769227e+02,4.378329885294e+00
189,4.252201488010e+03,3.932854165131e+02,4.183571603954e+00
190,4.539053943488e+03,4.044380894804e+02,4.302208105526e+00
191,4.473453496490e+03,4.578700458271e+02,4.870590267513e+00
192,4.595895247104e+03,4.428698795332e+02,4.711026075385e+00
193,4.562167344879e+03,4.392201314994e+02,4.672201899367e+00
194,4.531796307821e+03,4.320862916528e+02,4.596315714536e+00
195,4.270823966977e+03,4.039685665068e+02,4.297213557300e+00
196,4.234396588846e+03,3.860800128170e+02,4.106924159040e+00
197,4.389751363813e+03,4.371839098178e+02,4.650541601658e+00
198,4.628912870176e+03,4.597548727407e+02,4.890640104154e+00
199,4.557967078393e+03,4.331705717930e+02,4.607849738973e+00
200,4.487633907568e+03,4.660980642123e+02,4.958115770946e+00
201,4.431550603034e+03,4.176963667903e+02,4.443242962508e+00
202,4.323970685870e+03,3.908730137756e+02,4.157909682190e+00
203,4.399849436906e+03,3.686554154857e+02,3.921570094168e+00
204,4.846385618792e+03,5.034612136551e+02,5.355566081790e+00
205,4.883216788687e+03,5.022011176697e+02,5.342161817199e+00
206,4.841384711391e+03,5.170152156369e+02,5.499746708454e+00
207,4.861449735717e+03,4.643128330338e+02,4.939125383429e+00
208,4.836020212469e+03,4.743605200988e+02,5.046007603123e+00
209,4.576848301497e+03,4.169639175430e+02,4.435451537391e+00
210,4.640444943699e+03,4.156827780588e+02,4.421823422689e+00
211,4.854893117301e+03,4.986549909234e+02,5.304439912096e+00
212,4.920524009302e+03,5.289091604477e+02,5.626268485464e+00
213,4.928341081366e+03,5.261201146562e+02,5.596600025142e+00
214,4.942998025802e+03,5.211319411462e+02,5.543538354976e+00
215,4.851238514651e+03,5.084763887740e+02,5.408914981432e+00
216,4.617352864697e+03,4.619257150036e+02,4.913732427607e+00
217,4.469355366556e+03,4.341225271815e+02,4.617976159543e+00
218,4.870832882903e+03,5.279561853319e+02,5.616131217551e+00
219,4.906762517269e+03,5.260475062168e+02,5.595827653240e+00
220,4.938998303114e+03,5.228811594203e+02,5.562145655408e+00
221,4.901332552267e+03,5.513392957011e+02,5.864868934347e+00
222,4.861124056790e+03,4.660965900172e+02,4.958100089203e+00
223,4.625414121923e+03,4.566647157434e+02,4.857768574921e+00
224,4.631284007745e+03,4.715093461883e+02,5.015678255252e+00
225,4.889600542868e+03,4.906864435722e+02,5.219674530458e+00
226,4.911132582458e+03,5.308492704237e+02,5.646906395398e+00
227,4.927561916575e+03,5.028432900117e+02,5.348992922198e+00
228,4.902449576616e+03,4.794711364675e+02,5.100371758571e+00
229,4.874757027783e+03,5.012555872878e+02,5.332103742603e+00
230,4.588403999319e+03,4.402764406407e+02,4.683438382448e+00
231,4.573156275248e+03,4.615898942546e+02,4.910160136110e+00
232,4.838600165724e+03,4.722240523592e+02,5.023280938485e+00
233,4.885258075598e+03,5.182900819286e+02,5.513308092103e+00
234,4.834940159038e+03,5.247988417203e+02,5.582544991053e+00
235,4.877684199050e+03,5.054715025870e+02,5.376950520007e+00
236,4.854436935660e+03,5.236815526439e+02,5.570659834225e+00
237,4.499188160378e+03,4.018612247198e+02,4.274796719832e+00
238,4.294972676110e+03,3.971326205106e+02,4.224496216775e+00
239,4.604892125891e+03,4.133440252214e+02,4.396944951359e+00
240,4.591749073241e+03,4.706390905218e+02,5.006420915057e+00
241,4.524344903616e+03,4.328744875124e+02,4.604700143956e+00
242,4.565808950215e+03,4.405588563052e+02,4.686442577633e+00
243,4.497903049650e+03,4.285407387472e+02,4.558599913661e+00
244,4.296405410194e+03,4.067198671443e+02,4.326480503740e+00
245,4.271872481888e+03,3.889878626068e+02,4.137856396286e+00
246,4.609604129233e+03,4.584928465861e+02,4.877215307398e+00
247,4.458320645451e+03,4.428861573074e+02,4.711199230125e+00
248,4.655339896210e+03,4.435070146327e+02,4.717803596743e+00
249,4.580416597564e+03,4.753257904895e+02,5.056275661961e+00
250,4.548408085042e+03,4.286032006202e+02,4.559264351514e+00
251,4.358392843747e+03,3.934929733008e+02,4.185779488221e+00
252,4.583410513012e+03,3.873062956073e+02,4.119968735941e+00
253,4.776130985918e+03,4.964958044386e+02,5.281471576922e+00
254,4.870748927347e+03,5.004962327869e+02,5.324026112989e+00
255,4.901006770129e+03,5.242361833029e+02,5.576559715020e+00
256,4.812398808024e+03,4.607142797959e+02,4.900845791790e+00
257,4.804263372959e+03,4.717025972954e+02,5.017733962914e+00
258,4.546803232199e+03,4.145812173357e+02,4.410105576139e+00
259,4.520501929763e+03,4.050294105523e+02,4.308498280400e+00
260,4.824095692217e+03,4.965609015055e+02,5.282164046638e+00
261,4.949587022356e+03,5.325017414364e+02,5.664484547333e+00
262,4.911174355316e+03,5.242619151258e+02,5.576833437154e+00
263,4.963905502797e+03,5.244991526419e+02,5.579357050017e+00
264,4.862325610424e+03,5.095254873934e+02,5.420074762622e+00
265,4.640651995323e+03,4.635169073292e+02,4.930658727822e+00
266,4.600639088411e+03,4.460137843684e+02,4.744469346968e+00
267,4.892984692293e+03,5.297666530435e+02,5.635390058561e+00
268,4.953874830949e+03,5.316396632098e+02,5.655314194612e+00
269,4.948215779828e+03,5.232566752033e+02,5.566140202626e+00
270,4.935887828065e+03,5.538054625675e+02,5.891102771758e+00
271,4.873554927964e+03,4.676743049006e+02,4.974883023195e+00
272,4.644017713914e+03,4.585378182835e+02,4.877693693598e+00
273,4.554220814400e+03,4.637374923189e+02,4.933005199520e+00
274,4.897114582777e+03,4.934049079077e+02,5.248592180905e+00
275,4.921042992070e+03,5.307920251915e+02,5.646297449533e+00
276,4.903908388185e+03,4.994261037895e+02,5.312642621260e+00
277,4.917048049890e+03,4.810195717493e+02,5.116843230951e+00
278,4.836757241416e+03,4.963549589094e+02,5.279973333326e+00
279,4.558299100097e+03,4.370432201718e+02,4.649045016269e+00
280,4.614328356948e+03,4.656085123229e+02,4.952908165230e+00
281,4.764434915319e+03,4.652425459515e+02,4.949015199828e+00
282,4.872861534581e+03,5.159135847370e+02,5.488028115399e+00
283,4.863028755153e+03,5.299118122847e+02,5.636934189245e+00
284,4.883915079952e+03,5.069873602925e+02,5.393075448585e+00
285,4.876755426627e+03,5.285491064890e+02,5.622438413323e+00
286,4.562631633634e+03,4.092373300437e+02,4.353260002439e+00
287,4.278454539855e+03,3.947540795165e+02,4.199194499132e+00
288,4.590109982340e+03,4.098624523349e+02,4.359909737610e+00
289,4.448713940021e+03,4.553872679580e+02,4.844179730647e+00
290,4.637289234282e+03,4.433734900861e+02,4.716383230062e+00
291,4.596038980644e+03,4.437016184914e+02,4.719873694294e+00
292,4.527904193618e+03,4.316223732776e+02,4.591380785195e+00
293,4.233522958884e+03,4.010954308676e+02,4.266650591652e+00
294,4.158243797811e+03,3.798919836049e+02,4.041099029988e+00
295,4.545654006431e+03,4.524798393683e+02,4.813251973914e+00
296,4.556613390536e+03,4.526609567911e+02,4.815178609572e+00
297,4.616875388682e+03,4.395501529256e+02,4.675712500599e+00
298,4.481379752358e+03,4.637734864572e+02,4.933388086982e+00
299,4.538164781411e+03,4.280985285050e+02,4.553895904474e+00
300,4.342287237935e+03,3.924241798259e+02,4.174410203105e+00
301,4.551323317044e+03,3.834334267488e+02,4.078771113294e+00
302,4.775237053502e+03,4.941086760352e+02,5.256078510756e+00
303,4.844527082755e+03,4.978780045314e+02,5.296174723330e+00
304,4.890015057461e+03,5.212607441292e+02,5.544908496048e+00
305,4.875955201358e+03,4.672390571512e+02,4.970253077491e+00
306,4.814242264083e+03,4.726884380941e+02,5.028220839361e+00
307,4.541486825223e+03,4.128619192503e+02,4.391816551561e+00
308,4.522768533469e+03,4.055702759359e+02,4.314251733149e+00
309,4.858354487161e+03,4.994717890547e+02,5.313128598035e+00
310,4.936191684163e+03,5.303427944542e+02,5.641518759866e+00
311,4.929172598311e+03,5.265443042808e+02,5.601112340101e+00
312,4.922590651522e+03,5.193730026347e+02,5.524827655568e+00
313,4.835620024118e+03,5.073360210746e+02,5.396784325870e+00
314,4.634120650923e+03,4.641080677829e+02,4.936947194121e+00
315,4.618562780124e+03,4.479234104750e+02,4.764782984897e+00
316,4.900059448381e+03,5.319372940521e+02,5.658480241173e+00
317,4.903935256779e+03,5.256936477344e+02,5.592063485446e+00
318,4.928592508833e+03,5.220109361372e+02,5.552888659691e+00
319,4.924883530220e+03,5.544486292046e+02,5.897944453567e+00
320,4.866498319576e+03,4.706442029365e+02,5.006475298342e+00
321,4.594793660843e+03,4.542481665222e+02,4.832062544957e+00
322,4.495133913704e+03,4.577442259894e+02,4.869251859634e+00
323,4.831501524585e+03,4.859380402797e+02,5.169163414753e+00
324,4.955236436622e+03,5.356203837254e+02,5.697659088710e+00
325,4.940712225265e+03,5.035142999837e+02,5.356130787338e+00
326,4.910676186536e+03,4.795770721101e+02,5.101498648426e+00
327,4.883379864504e+03,5.010167418338e+02,5.329563025310e+00
328,4.594804286520e+03,4.423153188228e+02,4.705126938669e+00
329,4.595421931398e+03,4.631888951539e+02,4.927169499987e+00
330,4.812572765558e+03,4.683429139864e+02,4.981995348921e+00
331,4.902245228194e+03,5.210585711478e+02,5.542757881993e+00
332,4.888441238394e+03,5.320504358157e+02,5.659683786104e+00
333,4.840280800029e+03,5.018168120015e+02,5.338073767622e+00
334,4.863317318621e+03,5.260994789400e+02,5.596380512816e+00
335,4.462522256426e+03,3.992379436329e+02,4.246891580706e+00
336,4.465028661288e+03,4.120672428480e+02,4.383363185402e+00
337,4.580044126617e+03,4.084921992025e+02,4.345333676932e+00
338,4.553871372854e+03,4.660064231202e+02,4.957140939299e+00
339,4.562450526942e+03,4.358034713826e+02,4.635857194874e+00
340,4.576734181224e+03,4.407824474775e+02,4.688821027584e+00
341,4.438215947786e+03,4.240240671604e+02,4.510553842788e+00
342,4.206407813402e+03,3.981881042801e+02,4.235723919967e+00
343,4.245013783591e+03,3.876107128651e+02,4.123206972962e+00
344,4.527755714789e+03,4.505936798976e+02,4.793187962204e+00
345,4.658560966163e+03,4.627891973841e+02,4.922917717008e+00
346,4.612563424812e+03,4.393966605627e+02,4.674079726374e+00
347,4.618434829555e+03,4.787166569018e+02,5.092345986055e+00
348,4.693951628390e+03,4.428486236479e+02,4.710799966014e+00
349,4.413289009517e+03,3.984725142311e+02,4.238749329364e+00
350,4.595732083441e+03,3.869259102788e+02,4.115922388958e+00
351,4.822567886004e+03,4.987000655013e+02,5.304919392688e+00
352,4.830591590129e+03,4.966227100101e+02,5.282821534289e+00
353,4.890619157421e+03,5.219034009072e+02,5.551744754233e+00
354,4.873458335539e+03,4.657036333309e+02,4.953920014466e+00
355,4.843266600058e+03,4.751797732963e+02,5.054722404816e+00
356,4.526284276405e+03,4.140564258319e+02,4.404523109205e+00
357,4.642385200407e+03,4.179178760505e+02,4.445599266129e+00
358,4.898327308774e+03,5.062538217627e+02,5.385272436232e+00
359,4.904487482638e+03,5.271072650355e+02,5.607100832246e+00
360,4.930747430098e+03,5.258128285721e+02,5.593331270995e+00
361,4.930322970267e+03,5.188004591259e+02,5.518737226926e+00
362,4.833526790717e+03,5.053607946904e+02,5.375772865324e+00
363,4.574071631028e+03,4.578154929785e+02,4.870009961866e+00
364,4.582973382916e+03,4.456997769751e+02,4.741129094930e+00
365,4.851626591027e+03,5.256283987928e+02,5.591369400163e+00
366,4.929523562841e+03,5.288976954797e+02,5.626146526926e+00
367,4.932916959454e+03,5.234748482006e+02,5.568461016768e+00
368,4.915154625634e+03,5.500730543791e+02,5.851399298770e+00
369,4.877277383812e+03,4.691631135338e+02,4.990720217406e+00
370,4.547290231320e+03,4.488404228875e+02,4.774537699739e+00
371,4.481510965201e+03,4.555097564072e+02,4.845482700897e+00
372,4.871893726715e+03,4.888705584905e+02,5.200358062201e+00
373,4.919771139297e+03,5.309213957882e+02,5.647673628593e+00
374,4.937119094175e+03,5.033256937195e+02,5.354124489168e+00
375,4.899393359106e+03,4.790064595357e+02,5.095428760089e+00
376,4.831906995368e+03,4.971281339305e+02,5.288197978653e+00
377,4.461310303569e+03,4.285114921216e+02,4.558288802830e+00
378,4.408667462566e+03,4.451432181563e+02,4.735208703345e+00
379,4.772607456533e+03,4.657112657493e+02,4.954001204277e+00
380,4.835524604295e+03,5.125086007278e+02,5.451807615439e+00
381,4.916944501978e+03,5.345605921867e+02,5.686385561645e+00
382,4.881941568527e+03,5.058399394519e+02,5.380869765271e+00
383,4.753906516159e+03,5.117250973288e+02,5.443473102045e+00
384,4.335816700836e+03,3.892128068072e+02,4.140249239066e+00
385,4.384504696509e+03,4.042757157950e+02,4.300480856280e+00
386,4.500116967850e+03,4.006898974837e+02,4.262336732358e+00
387,4.518596375935e+03,4.616989770494e+02,4.911320503781e+00
388,4.631129947528e+03,4.448122250091e+02,4.731687765437e+00
389,4.581312043099e+03,4.414519137859e+02,4.695942472011e+00
390,4.429528255473e+03,4.221914271980e+02,4.491059144574e+00
391,4.124427577322e+03,3.905313499355e+02,4.154275234841e+00
392,4.267397337955e+03,3.891388749629e+02,4.139462789451e+00
393,4.557196862006e+03,4.540404509468e+02,4.829852971587e+00
394,4.586002702724e+03,4.554847539524e+02,4.845216737412e+00
395,4.579713178919e+03,4.360451009399e+02,4.638427528052e+00
396,4.531520670241e+03,4.702557878775e+02,5.002343535142e+00
397,4.610805720086e+03,4.347666318834e+02,4.624827820011e+00
398,4.243266095018e+03,3.830061666877e+02,4.074226136582e+00
399,4.592756180869e+03,3.867423451762e+02,4.113969716118e+00
400,4.808459383925e+03,4.982932341511e+02,5.300591726283e+00
401,4.880837451592e+03,5.014128904909e+02,5.333777054620e+00
402,4.870768710630e+03,5.218408172298e+02,5.551079020685e+00
403,4.897158183024e+03,4.683959627668e+02,4.982559655051e+00
404,4.773322665386e+03,4.687646118752e+02,4.986481158054e+00
405,4.613275832090e+03,4.212932517723e+02,4.481504808083e+00
406,4.543189175160e+03,4.083039096317e+02,4.343330747587e+00
407,4.848540547573e+03,4.989524741419e+02,5.307604388309e+00
408,4.898051920520e+03,5.265412870741e+02,5.601080244580e+00
409,4.895211608048e+03,5.227172625037e+02,5.560402202798e+00
410,4.930540455879e+03,5.206797383301e+02,5.538728049836e+00
411,4.885088281574e+03,5.121455216260e+02,5.447945363354e+00
412,4.596119190088e+03,4.602811070146e+02,4.896237918547e+00
413,4.629854587664e+03,4.502012760938e+02,4.789013768751e+00
414,4.878709417329e+03,5.284980083887e+02,5.621894857543e+00
415,4.929118780444e+03,5.280582046230e+02,5.617216447238e+00
416,4.930819740839e+03,5.225272244208e+02,5.558380673664e+00
417,4.912544639225e+03,5.529729707987e+02,5.882247144831e+00
418,4.905413309784e+03,4.713561133381e+02,5.014048241593e+00
419,4.615366682504e+03,4.558198267484e+02,4.848781072564e+00
420,4.709740215598e+03,4.793499790698e+02,5.099082947374e+00
421,4.840160563168e+03,4.857813817587e+02,5.167496960539e+00
422,4.927013204557e+03,5.322142782683e+02,5.661426659354e+00
423,4.920292437814e+03,5.012104376454e+02,5.331623463513e+00
424,4.931786577679e+03,4.827081574258e+02,5.134805552437e+00
425,4.834959517608e+03,4.975702961756e+02,5.292901477272e+00
426,4.568582928716e+03,4.387197269089e+02,4.666878848099e+00
427,4.337101827670e+03,4.375828064355e+02,4.654784862386e+00
428,4.806297648953e+03,4.686519733387e+02,4.985282966199e+00
429,4.864896167005e+03,5.153120728121e+02,5.481629535379e+00
430,4.921763261195e+03,5.349140438287e+02,5.690145401676e+00
431,4.869803385293e+03,5.054043120415e+02,5.376235780924e+00
432,4.874991971413e+03,5.266911709212e+02,5.602674633236e+00
433,4.571247769044e+03,4.088747831140e+02,4.349403411331e+00
434,4.371855987048e+03,4.032953713643e+02,4.290052447418e+00
435,4.498495586238e+03,4.007161596841e+02,4.262616096380e+00
436,4.579267251305e+03,4.697678554146e+02,4.997153156066e+00
437,4.479530036113e+03,4.280927075651e+02,4.553833984256e+00
438,4.527550444469e+03,4.365184909848e+02,4.643463212230e+00
439,4.643402111932e+03,4.438627566959e+02,4.721587801118e+00
440,4.334104687800e+03,4.100042493122e+02,4.361418102230e+00
441,4.240792109347e+03,3.871787422186e+02,4.118611887423e+00
442,4.504790202669e+03,4.485278935411e+02,4.771213170417e+00
443,4.557412082789e+03,4.524881942359e+02,4.813340848776e+00
444,4.499761729921e+03,4.280420027760e+02,4.553294612322e+00
445,4.521204392431e+03,4.687111815445e+02,4.985912793185e+00
446,4.525465992632e+03,4.258864832741e+02,4.530365284659e+00
447,4.301108064460e+03,3.885382001868e+02,4.133073114597e+00
448,4.451399926109e+03,3.737744169304e+02,3.976023445819e+00
449,4.834906493713e+03,4.999951659663e+02,5.318696017251e+00
450,4.891400822956e+03,5.027905752700e+02,5.348432169403e+00
451,4.835132614107e+03,5.174194749798e+02,5.504047015145e+00
452,4.857458182316e+03,4.665928209546e+02,4.963378743258e+00
453,4.829918223475e+03,4.740783478853e+02,5.043005997647e+00
454,4.454579623211e+03,4.048372735122e+02,4.306454423620e+00
455,4.460531506515e+03,4.001498643880e+02,4.256592133068e+00
456,4.867016929548e+03,5.011809942594e+02,5.331310259646e+00
457,4.919849295923e+03,5.284634744588e+02,5.621527503040e+00
458,4.919444802938e+03,5.245567045417e+02,5.579969258056e+00
459,4.904607627474e+03,5.184448213118e+02,5.514954131499e+00
460,4.878660182829e+03,5.117477421214e+02,5.443713985910e+00
461,4.575667903620e+03,4.584940158487e+02,4.877227745422e+00
462,4.541110820818e+03,4.405936665197e+02,4.686812871111e+00
463,4.881123846945e+03,5.285728106787e+02,5.622690566520e+00
464,4.929001592320e+03,5.286595334972e+02,5.623613080058e+00
465,4.948370288161e+03,5.249420516087e+02,5.584068385507e+00
466,4.942519543560e+03,5.563113216883e+02,5.917758835322e+00
467,4.871748097440e+03,4.683412930848e+02,4.981978106589e+00
468,4.619885158194e+03,4.562465420926e+02,4.853320254852e+00
469,4.575562839358e+03,4.660385891902e+02,4.957483105704e+00
470,4.880981012219e+03,4.906556687134e+02,5.219347163056e+00
471,4.915414101148e+03,5.308306741542e+02,5.646708577677e+00
472,4.940204863450e+03,5.022879578413e+02,5.343085579079e+00
473,4.943527085363e+03,4.845539852219e+02,5.154440536164e+00
474,4.854474593220e+03,4.991184523685e+02,5.309369980845e+00
475,4.644325117927e+03,4.470680530112e+02,4.755684124256e+00
476,4.590514459190e+03,4.628121597860e+02,4.923161979440e+00
477,4.789651287796e+03,4.676568056032e+02,4.974696874509e+00
478,4.911140130330e+03,5.214290651463e+02,5.546699010006e+00
479,4.861933671678e+03,5.287185347409e+02,5.624240705485e+00
480,4.843815677267e+03,5.023405458827e+02,5.343644984100e+00
481,4.851790165740e+03,5.259299452018e+02,5.594577098545e+00
482,4.639334012922e+03,4.165618264060e+02,4.431174294981e+00
483,4.238810053228e+03,3.919310084458e+02,4.169164095075e+00
484,4.609357990379e+03,4.102922476526e+02,4.364481683101e+00
485,4.523063516698e+03,4.623143334388e+02,4.917866354222e+00
486,4.512501809289e+03,4.328704245007e+02,4.604656923689e+00
487,4.679880652974e+03,4.512327880126e+02,4.799986471505e+00
488,4.572241741289e+03,4.366360526068e+02,4.644713773382e+00
489,4.200728091770e+03,3.976511933310e+02,4.230012532496e+00
490,4.207060270454e+03,3.831236742368e+02,4.075476122534e+00
491,4.602686650754e+03,4.587651122027e+02,4.880111531500e+00
492,4.573280510892e+03,4.544580150099e+02,4.834294807170e+00
493,4.610029691075e+03,4.386975161062e+02,4.666642580799e+00
494,4.551433596332e+03,4.717959055323e+02,5.018726528807e+00
495,4.597559389727e+03,4.330469762275e+02,4.606534991778e+00
496,4.390095931162e+03,3.968409043742e+02,4.221393087868e+00
497,4.579675064313e+03,3.871494561722e+02,4.118300357254e+00
498,4.865870931221e+03,5.047212164347e+02,5.368969354905e+00
499,4.901834277137e+03,5.043308797382e+02,5.364817150294e+00
500,4.912802603803e+03,5.256233236573e+02,5.591315413435e+00
501,4.855600785133e+03,4.649545943716e+02,4.945952116373e+00
502,4.820980712350e+03,4.731578161835e+02,5.033213846383e+00
503,4.485443911919e+03,4.088129905084e+02,4.348746092806e+00
504,4.648006435506e+03,4.188408502606e+02,4.455417399562e+00
505,4.867771035345e+03,5.009217524113e+02,5.328552575814e+00
506,4.907495292689e+03,5.270028878189e+02,5.605990520138e+00
507,4.927679026362e+03,5.263181957662e+02,5.598707111935e+00
508,4.912498079542e+03,5.179817743419e+02,5.510028471729e+00
509,4.839018957123e+03,5.069956408756e+02,5.393163533246e+00
510,4.547573951835e+03,4.554082841593e+02,4.844403290380e+00
511,4.547102202952e+03,4.408689333986e+02,4.689741021126e+00
512,4.861262952148e+03,5.272264151670e+02,5.608368291160e+00
513,4.936512401959e+03,5.293453305313e+02,5.630908242495e+00
514,4.939848556280e+03,5.230639462321e+02,5.564090049183e+00
515,4.927192072717e+03,5.549152590743e+02,5.902908226415e+00
516,4.872572531734e+03,4.681054721340e+02,4.979469562433e+00
517,4.603171672877e+03,4.550176271888e+02,4.840247678857e+00
518,4.538824093459e+03,4.613408970990e+02,4.907511430143e+00
519,4.884472684182e+03,4.905933937879e+02,5.218684713854e+00
520,4.930373105643e+03,5.330375983154e+02,5.670184722138e+00
521,4.900059508929e+03,5.004009367975e+02,5.323012402390e+00
522,4.926233509350e+03,4.805401929729e+02,5.111743841672e+00
523,4.866918843021e+03,5.005075588158e+02,5.324146593563e+00
524,4.509254107372e+03,4.321765467601e+02,4.597275802777e+00
525,4.471830247531e+03,4.513853999419e+02,4.801609880121e+00
526,4.802049687115e+03,4.694591359699e+02,4.993869154555e+00
527,4.823161769066e+03,5.116718344599e+02,5.442906518550e+00
528,4.836119513360e+03,5.273377772980e+02,5.609552905258e+00
529,4.848391132649e+03,5.031464555790e+02,5.352217844367e+00
530,4.795561183744e+03,5.160093719507e+02,5.489047051394e+00
531,4.553561384082e+03,4.076054529783e+02,4.335900918514e+00
532,4.182360379422e+03,3.857154948773e+02,4.103046601323e+00
533,4.538037189448e+03,4.054088288117e+02,4.312534340192e+00
534,4.492822370644e+03,4.593141892583e+02,4.885952335867e+00
535,4.601305020012e+03,4.413290811322e+02,4.694635840286e+00
536,4.540433127260e+03,4.380486619609e+02,4.659740398151e+00
537,4.545967418578e+03,4.346784087707e+02,4.623889347102e+00
538,4.357665898133e+03,4.124170528492e+02,4.387084287498e+00
539,4.179318589597e+03,3.812904601266e+02,4.055975316825e+00
540,4.580078764089e+03,4.565285616985e+02,4.856320236966e+00
541,4.742888507730e+03,4.715067991520e+02,5.015651161167e+00
542,4.571390091884e+03,4.352555948453e+02,4.630029161014e+00
543,4.593789142897e+03,4.757910552761e+02,5.061224913746e+00
544,4.564161694063e+03,4.300544670408e+02,4.574702190632e+00
545,4.365079481196e+03,3.946252123076e+02,4.197823674857e+00
546,4.564991428106e+03,3.827617004980e+02,4.071625628741e+00
547,4.844947714469e+03,5.031575563265e+02,5.352335928512e+00
548,4.802063480996e+03,4.928923098857e+02,5.243139422071e+00
549,4.910896045463e+03,5.253323609659e+02,5.588220299296e+00
550,4.905411057687e+03,4.700043525663e+02,4.999668893306e+00
551,4.804663930703e+03,4.703744816297e+02,5.003606139323e+00
552,4.560398233722e+03,4.157663738516e+02,4.422712672507e+00
553,4.607883403003e+03,4.130214924859e+02,4.393514011038e+00
554,4.927896766869e+03,5.089599859467e+02,5.414059243879e+00
555,4.886675485919e+03,5.244588579642e+02,5.578928415589e+00
556,4.949948043774e+03,5.284579438879e+02,5.621468671621e+00
557,4.913897919377e+03,5.177695590665e+02,5.507771032823e+00
558,4.822636767517e+03,5.041678542475e+02,5.363082967472e+00
559,4.530730199054e+03,4.535834881803e+02,4.824992032499e+00
560,4.484650736584e+03,4.350994235461e+02,4.628367889618e+00
561,4.881524823137e+03,5.288968639941e+02,5.626137682002e+00
562,4.934483430905e+03,5.292896694080e+02,5.630316147581e+00
563,4.922319417306e+03,5.203955352695e+02,5.535704841234e+00
564,4.923648014031e+03,5.540626026023e+02,5.893838097562e+00
565,4.841244512166e+03,4.641271681161e+02,4.937150373817e+00
566,4.595431631644e+03,4.539096432754e+02,4.828461505653e+00
567,4.585721897902e+03,4.668077139908e+02,4.965664666831e+00
568,4.906137594711e+03,4.939954224382e+02,5.254873776199e+00
569,4.936911441796e+03,5.341975577857e+02,5.682523785063e+00
570,4.930902798957e+03,5.029510037262e+02,5.350138726284e+00
571,4.907582853726e+03,4.783036721215e+02,5.087952862569e+00
572,4.872469243757e+03,4.998825188371e+02,5.317497733991e+00
573,4.575198306333e+03,4.393575246008e+02,4.673663417781e+00
574,4.410077698627e+03,4.451247013501e+02,4.735011730915e+00
575,4.807920391834e+03,4.701631191121e+02,5.001357771624e+00
576,4.880360196442e+03,5.170842146932e+02,5.500480685562e+00
577,4.849155260529e+03,5.258038757527e+02,5.593236035425e+00
578,4.881017657067e+03,5.062590400452e+02,5.385327945685e+00
579,4.833093781640e+03,5.220117494523e+02,5.552897311326e+00
580,4.520568667357e+03,4.059966054123e+02,4.318786810769e+00
581,4.221786335626e+03,3.902755630685e+02,4.151554303352e+00
582,4.567220519710e+03,4.070851757250e+02,4.330366471896e+00
583,4.548765040641e+03,4.645335913134e+02,4.941473698496e+00
584,4.576254675171e+03,4.383115633165e+02,4.662537009975e+00
585,4.498389977760e+03,4.339567743358e+02,4.616212964496e+00
586,4.513774975585e+03,4.305223027343e+02,4.579678790425e+00
587,4.236237553895e+03,4.004657736159e+02,4.259952615862e+00
588,4.362149806159e+03,4.001888572349e+02,4.257006919277e+00
589,4.608038219149e+03,4.596537302695e+02,4.889564201635e+00
590,4.525744162139e+03,4.493759670432e+02,4.780234547952e+00
591,4.569347482638e+03,4.348549133778e+02,4.625766913955e+00
592,4.497960143824e+03,4.677340046275e+02,4.975518078735e+00
593,4.419666591434e+03,4.159392090870e+02,4.424551206438e+00
594,4.269495629985e+03,3.856160524699e+02,4.101988783224e+00
595,4.417021798861e+03,3.701079457408e+02,3.937021377318e+00
596,4.805409820739e+03,4.975722469902e+02,5.292922229051e+00
597,4.904235826404e+03,5.035580666677e+02,5.356596355215e+00
598,4.891275507245e+03,5.250430564520e+02,5.585142824011e+00
599,4.863331883825e+03,4.680444628214e+02,4.978820576182e+00
600,4.831549853400e+03,4.742469748264e+02,5.044799765869e+00
601,4.516599783470e+03,4.141896715745e+02,4.405940510109e+00
602,4.525120073519e+03,4.047796743617e+02,4.305841712952e+00
603,4.911246288821e+03,5.059438241791e+02,5.381974838524e+00
604,4.930192250173e+03,5.299525084952e+02,5.637367094977e+00
605,4.950177826070e+03,5.286756189164e+02,5.623784188622e+00
606,4.910799967892e+03,5.191967036843e+02,5.522952276386e+00
607,4.837160305785e+03,5.070922969788e+02,5.394191712049e+00
608,4.586434887752e+03,4.589763824755e+02,4.882358917945e+00
609,4.543028269284e+03,4.412781005388e+02,4.694093534484e+00
610,4.893071098777e+03,5.311518323462e+02,5.650124896299e+00
611,4.938713429720e+03,5.300017252789e+02,5.637890638261e+00
612,4.924412249233e+03,5.219346392670e+02,5.552077052125e+00
613,4.934411487070e+03,5.550891051058e+02,5.904757512686e+00
614,4.884330478666e+03,4.688566506923e+02,4.987460220500e+00
615,4.489601376244e+03,4.437786777847e+02,4.720693412131e+00
616,4.470587757390e+03,4.555997734376e+02,4.846440256597e+00
617,4.872057576944e+03,4.888420433686e+02,5.200054732738e+00
618,4.881736856859e+03,5.284593846420e+02,5.621483997635e+00
619,4.920812799907e+03,5.013385801504e+02,5.332986578755e+00
620,4.926818147182e+03,4.822971028234e+02,5.130432961209e+00
621,4.875940244663e+03,5.014531763014e+02,5.334205594724e+00
622,4.658175145995e+03,4.483595635918e+02,4.769422561443e+00
623,4.502808155312e+03,4.539956816506e+02,4.829376738428e+00
624,4.827412490298e+03,4.700381533011e+02,5.000028448450e+00
625,4.832838002606e+03,5.113569620866e+02,5.439557065292e+00
626,4.845635921880e+03,5.264925071577e+02,5.600561348470e+00
627,4.885895757685e+03,5.069821081371e+02,5.393019578809e+00
628,4.854235256914e+03,5.252127762930e+02,5.586948217950e+00
629,4.534117426489e+03,4.073015336866e+02,4.332667978605e+00
630,4.284352271335e+03,3.955189947170e+02,4.207331280659e+00
631,4.471459369625e+03,3.991559883041e+02,4.246019781316e+00
632,4.546943831199e+03,4.662476358076e+02,4.959706838025e+00
633,4.503892143936e+03,4.301075016709e+02,4.575266346237e+00
634,4.622500582581e+03,4.449857025912e+02,4.733533132329e+00
635,4.425289500311e+03,4.224837597292e+02,4.494168830378e+00
636,4.229534396553e+03,4.001443929587e+02,4.256533930767e+00
637,4.337726094062e+03,3.948913718000e+02,4.200654945095e+00
638,4.532349238868e+03,4.507203477160e+02,4.794535390473e+00
639,4.541795631648e+03,4.512244676941e+02,4.799897964159e+00
640,4.661109887657e+03,4.436438203932e+02,4.719258867319e+00
641,4.625270894577e+03,4.796106852142e+02,5.101856207650e+00
642,4.490812095875e+03,4.225232793131e+02,4.494589219749e+00
643,4.294725618905e+03,3.879210550132e+02,4.126508235973e+00
644,4.514587085130e+03,3.810555578161e+02,4.053476544701e+00
645,4.845276860503e+03,5.033143894861e+02,5.354004240444e+00
646,4.849028164486e+03,4.988314171296e+02,5.306316644961e+00
647,4.910132816816e+03,5.257106886955e+02,5.592244758581e+00
648,4.857522124313e+03,4.647466542012e+02,4.943740153875e+00
649,4.747470780728e+03,4.666727190093e+02,4.964228658407e+00
650,4.474362804788e+03,4.084629173101e+02,4.345022190952e+00
651,4.655891672654e+03,4.177686688001e+02,4.444012074768e+00
652,4.891195399432e+03,5.034368314455e+02,5.355306716159e+00
653,4.907707624521e+03,5.275069983682e+02,5.611352993525e+00
654,4.894963165437e+03,5.225284460259e+02,5.558393668481e+00
655,4.868892622757e+03,5.135289730884e+02,5.462661821200e+00
656,4.910498277168e+03,5.139193967723e+02,5.466814951138e+00
657,4.624860524522e+03,4.627746890064e+02,4.922763384214e+00
658,4.581199176769e+03,4.456521436494e+02,4.740622395672e+00
659,4.882764600182e+03,5.285988962693e+02,5.622968051856e+00
660,4.952407805243e+03,5.312002697057e+02,5.650640148463e+00
661,4.941180441674e+03,5.239286515985e+02,5.573288348089e+00
662,4.884049039672e+03,5.494464504279e+02,5.844733802448e+00
663,4.862664315233e+03,4.684906981279e+02,4.983567401970e+00
664,4.620387829150e+03,4.560864254298e+02,4.851617014672e+00
665,4.583091124051e+03,4.661909599859e+02,4.959103949262e+00
666,4.776281986638e+03,4.796108322438e+02,5.101857771676e+00
667,4.922668134621e+03,5.309493543143e+02,5.647971037272e+00
668,4.914102497317e+03,5.006575348447e+02,5.325741962803e+00
669,4.928978912116e+03,4.833196935835e+02,5.141310765183e+00
670,4.805586934864e+03,4.937378280525e+02,5.252133617241e+00
671,4.544549970466e+03,4.374752878884e+02,4.653641134392e+00
672,4.459357301960e+03,4.491264825920e+02,4.777580658380e+00
673,4.841789861258e+03,4.728319002299e+02,5.029746917097e+00
674,4.882468965019e+03,5.182250464160e+02,5.512616277171e+00
675,4.815611035997e+03,5.223536526315e+02,5.556534304644e+00
676,4.929154892126e+03,5.108248768454e+02,5.433897011264e+00
677,4.828534536055e+03,5.216865743247e+02,5.549438262571e+00
678,4.561191991298e+03,4.102036712347e+02,4.363539451910e+00
679,4.275680371360e+03,3.947708446208e+02,4.199372837843e+00
680,4.528877549177e+03,4.050139696685e+02,4.308334028078e+00
681,4.551010313454e+03,4.663688136695e+02,4.960995866910e+00
682,4.591722647699e+03,4.395085938009e+02,4.675270415622e+00
683,4.486647979680e+03,4.330024233428e+02,4.606061060696e+00
684,4.575127347215e+03,4.373520246275e+02,4.652329922085e+00
685,4.199460696248e+03,3.968688076864e+02,4.221689909208e+00
686,4.326691906789e+03,3.940824624269e+02,4.192050175781e+00
687,4.507889955099e+03,4.492098373544e+02,4.778467344238e+00
688,4.569269553279e+03,4.538747395892e+02,4.828090217870e+00
689,4.576567070506e+03,4.363816047082e+02,4.642007085164e+00
690,4.519099063317e+03,4.691491029329e+02,4.990571179711e+00
691,4.663431200871e+03,4.402989522249e+02,4.683677849311e+00
692,4.282926344623e+03,3.868509484281e+02,4.115124982655e+00
693,4.490644162900e+03,3.785814003507e+02,4.027157707334e+00
694,4.831962105415e+03,5.030553421958e+02,5.351248626220e+00
695,4.798518549635e+03,4.941562656173e+02,5.256584744693e+00
696,4.884378223932e+03,5.221979723184e+02,5.554878256111e+00
697,4.866656784724e+03,4.668895196179e+02,4.966534873770e+00
698,4.837062361205e+03,4.754288363910e+02,5.057371812211e+00
699,4.510905287963e+03,4.127664494078e+02,4.390800991600e+00
700,4.636055919031e+03,4.173881125261e+02,4.439963909352e+00
701,4.884718563945e+03,5.042486246821e+02,5.363942162556e+00
702,4.950836138412e+03,5.320774725743e+02,5.659971389485e+00
703,4.934122243185e+03,5.273538702832e+02,5.609724094306e+00
704,4.920792992715e+03,5.181557756010e+02,5.511879409231e+00
705,4.839938633144e+03,5.070980499487e+02,5.394252909237e+00
706,4.536997833367e+03,4.536361141871e+02,4.825551841377e+00
707,4.616480506853e+03,4.487151262341e+02,4.773204857230e+00
708,4.891781138699e+03,5.295462205479e+02,5.633045209018e+00
709,4.945243927497e+03,5.291568618025e+02,5.628903407357e+00
710,4.902897267815e+03,5.190586443913e+02,5.521483671364e+00
711,4.944643849714e+03,5.567635453872e+02,5.922569362603e+00
712,4.851413109863e+03,4.651056606451e+02,4.947559083082e+00
713,4.625023581175e+03,4.573651952562e+02,4.865219922151e+00
714,4.533918060220e+03,4.615452300082e+02,4.909685020418e+00
715,4.863227237350e+03,4.890930392048e+02,5.202724699661e+00
716,4.910287494481e+03,5.317338182933e+02,5.656315768831e+00
717,4.937593175902e+03,5.030250673933e+02,5.350926578163e+00
718,4.916804638837e+03,4.808030124827e+02,5.114539582862e+00
719,4.900367172022e+03,5.043884430380e+02,5.365429479601e+00
720,4.523639880228e+03,4.334814831951e+02,4.611157057421e+00
721,4.531605816929e+03,4.583477327901e+02,4.875671660136e+00
722,4.821434111095e+03,4.716323060205e+02,5.016986239837e+00
723,4.874597788140e+03,5.173177557581e+02,5.502964977445e+00
724,4.920470368337e+03,5.349550386516e+02,5.690581483894e+00
725,4.885365113697e+03,5.079058909102e+02,5.402846313327e+00
726,4.811516552130e+03,5.187318701066e+02,5.518007611584e+00
727,4.389678532887e+03,3.942014013988e+02,4.193315388485e+00
728,4.270591736668e+03,3.938161436198e+02,4.189217210834e+00
729,4.549417034361e+03,4.052497344261e+02,4.310841974479e+00
730,4.559480677774e+03,4.670953181670e+02,4.968724054782e+00
731,4.525378370890e+03,4.320571507910e+02,4.596005728768e+00
732,4.575861629900e+03,4.413948250734e+02,4.695335191123e+00
733,4.545474129983e+03,4.343369654321e+02,4.620257245336e+00
734,4.152162357673e+03,3.929561472527e+02,4.180069003883e+00
735,4.242715386524e+03,3.876923269266e+02,4.124075142123e+00
736,4.607231787158e+03,4.580950426111e+02,4.872983669651e+00
737,4.567809420318e+03,4.544230369965e+02,4.833922728732e+00
738,4.529153912379e+03,4.320147112476e+02,4.595554278341e+00
739,4.569926111324e+03,4.734714357574e+02,5.036549972995e+00
740,4.533284612910e+03,4.274747885943e+02,4.547260874369e+00
741,4.240338579224e+03,3.826847162789e+02,4.070806709504e+00
742,4.571223791472e+03,3.864175913622e+02,4.110515149085e+00
743,4.874803064763e+03,5.063527443502e+02,5.386324724750e+00
744,4.905443351414e+03,5.043939806470e+02,5.365488385889e+00
745,4.885911982709e+03,5.234597266568e+02,5.568300161423e+00
746,4.867888280535e+03,4.654426073327e+02,4.951143351747e+00
747,4.792189938473e+03,4.706599753125e+02,5.006643076911e+00
748,4.533454611469e+03,4.139438078758e+02,4.403325136274e+00
749,4.540723143726e+03,4.073713093990e+02,4.333410217388e+00
750,4.840130124434e+03,4.980448944212e+02,5.297950013679e+00
751,4.909393813278e+03,5.275244259963e+02,5.611538379830e+00
752,4.907437895091e+03,5.242306284068e+02,5.576500624841e+00
753,4.903721577853e+03,5.166543784630e+02,5.495908304865e+00
754,4.891809299580e+03,5.121973342894e+02,5.448496520295e+00
755,4.627060923074e+03,4.628428060239e+02,4.923487978639e+00
756,4.601921980368e+03,4.465887265888e+02,4.750585291893e+00
757,4.858657623772e+03,5.261985285288e+02,5.597434152310e+00
758,4.920776165259e+03,5.274694842090e+02,5.610953936849e+00
759,4.936649753935e+03,5.225795398283e+02,5.558937178543e+00
760,4.924340724757e+03,5.506721517085e+02,5.857772193543e+00
761,4.896169597481e+03,4.696794292716e+02,4.996212523423e+00
762,4.530646742473e+03,4.473847963390e+02,4.759053479784e+00
763,4.601694944383e+03,4.684497564480e+02,4.983131885060e+00
764,4.894102405547e+03,4.917653122511e+02,5.231150990505e+00
765,4.929893827204e+03,5.324279081007e+02,5.663699145602e+00
766,4.929982084693e+03,5.027214912190e+02,5.347697288164e+00
767,4.901099040453e+03,4.781024934153e+02,5.085812825112e+00
768,4.872049399216e+03,5.009455832904e+02,5.328806076668e+00
769,4.543772054616e+03,4.367078687714e+02,4.645477717465e+00
770,4.520625749274e+03,4.558278801733e+02,4.848866740830e+00
771,4.865539562768e+03,4.749086534017e+02,5.051838368326e+00
772,4.864869158799e+03,5.163775008435e+02,5.492963020606e+00
773,4.875022903047e+03,5.296369758443e+02,5.634010618018e+00
774,4.910801364894e+03,5.091997475073e+02,5.416609706252e+00
775,4.860283179887e+03,5.269319727694e+02,5.605236161663e+00
776,4.540758040238e+03,4.069362931662e+02,4.328782734439e+00
777,4.413107209173e+03,4.074272443049e+02,4.334005224663e+00
778,4.552874265820e+03,4.048729195627e+02,4.306833608299e+00
779,4.571901334677e+03,4.665140335656e+02,4.962540642812e+00
780,4.502803562730e+03,4.313388114134e+02,4.588364397317e+00
781,4.474864235582e+03,4.315953758290e+02,4.591093599974e+00
782,4.531842666773e+03,4.335839036735e+02,4.612246554736e+00
783,4.260667788353e+03,4.037258100034e+02,4.294631236237e+00
784,4.122764313693e+03,3.759079513844e+02,3.998718907647e+00
785,4.476414418776e+03,4.452383906119e+02,4.736221099855e+00
786,4.651706866750e+03,4.624719830772e+02,4.919543351443e+00
787,4.513610198108e+03,4.280206921251e+02,4.553067920381e+00
788,4.622255508892e+03,4.804071123404e+02,5.110328197126e+00
789,4.547793747777e+03,4.291688201146e+02,4.565281125989e+00
790,4.274866329767e+03,3.858744695074e+02,4.104737693137e+00
791,4.666498296832e+03,3.905387522631e+02,4.154353977063e+00
792,4.832263681716e+03,5.006167991458e+02,5.325308637014e+00
793,4.865637259219e+03,5.004485042301e+02,5.323518400711e+00
794,4.881888461208e+03,5.221319966932e+02,5.554176440735e+00
795,4.899335112904e+03,4.691709272144e+02,4.990803335394e+00
796,4.843384004388e+03,4.767267687255e+02,5.071178560771e+00
797,4.353858801293e+03,3.963740222850e+02,4.216426632035e+00
798,4.672293442377e+03,4.215499410366e+02,4.484235338817e+00
799,4.762239246082e+03,4.885345835570e+02,5.196784130567e+00
800,4.900333803575e+03,5.256395957200e+02,5.591488507419e+00
801,4.956269290346e+03,5.283511430507e+02,5.620332578262e+00
802,4.897613738290e+03,5.175247877426e+02,5.505167279119e+00
803,4.898196172467e+03,5.123596251456e+02,5.450222888447e+00
804,4.501633289434e+03,4.510477108594e+02,4.798017714235e+00
805,4.651196638804e+03,4.513734314237e+02,4.801482565069e+00
806,4.850688078126e+03,5.255531610295e+02,5.590569058841e+00
807,4.911530725740e+03,5.262137436093e+02,5.597596002651e+00
808,4.944952485531e+03,5.243280281140e+02,5.577536713727e+00
809,4.933485217314e+03,5.559945054088e+02,5.914388703771e+00
810,4.902252358237e+03,4.704889969453e+02,5.004824295406e+00
811,4.671034754474e+03,4.611628685877e+02,4.905617652765e+00
812,4.632962413003e+03,4.713142657817e+02,5.013603088427e+00
813,4.861841700067e+03,4.881630499016e+02,5.192831943211e+00
814,4.922144889527e+03,5.316459143385e+02,5.655380690962e+00
815,4.916916953865e+03,5.022042206851e+02,5.342194825509e+00
816,4.914890047357e+03,4.797820800300e+02,5.103679419125e+00
817,4.879129517335e+03,5.017050939962e+02,5.336885367912e+00
818,4.572215127607e+03,4.389624287019e+02,4.669460587180e+00
819,4.537202170336e+03,4.579148095098e+02,4.871066440959e+00
820,4.826548208657e+03,4.719249334739e+02,5.020099062874e+00
821,4.856749366863e+03,5.161061712557e+02,5.490076753505e+00
822,4.881009065613e+03,5.327168087155e+02,5.666772324413e+00
823,4.858649280275e+03,5.030716491981e+02,5.351422091873e+00
824,4.792826977190e+03,5.176816018347e+02,5.506835388220e+00
825,4.607907776659e+03,4.153140908583e+02,4.417901514482e+00
826,4.365416925602e+03,4.037951640679e+02,4.295368989743e+00
827,4.492885815155e+03,3.997451603221e+02,4.252287095640e+00
828,4.689347246621e+03,4.792916646066e+02,5.098462627570e+00
829,4.546114371729e+03,4.368009500742e+02,4.646467869346e+00
830,4.537999633514e+03,4.375819774286e+02,4.654776043830e+00
831,4.599428268295e+03,4.392414434027e+02,4.672428604629e+00
832,4.324776294348e+03,4.099558109014e+02,4.360902838883e+00
833,4.283957835682e+03,3.908435714563e+02,4.157596489669e+00
834,4.521964944854e+03,4.497280665222e+02,4.783980004357e+00
835,4.508391680078e+03,4.476562214213e+02,4.761940762706e+00
836,4.445852049660e+03,4.215744619510e+02,4.484496179918e+00
837,4.556944389771e+03,4.739302654479e+02,5.041430771478e+00
838,4.585445214831e+03,4.323548425943e+02,4.599172423800e+00
839,4.245627164184e+03,3.825222281968e+02,4.069078243364e+00
840,4.514505376382e+03,3.797490099968e+02,4.039578148964e+00
841,4.787150616077e+03,4.956048580993e+02,5.271994139801e+00
842,4.887675818493e+03,5.021579897903e+02,5.341703044602e+00
843,4.852486896976e+03,5.186953851214e+02,5.517619502741e+00
844,4.895357169199e+03,4.690021074929e+02,4.989007516471e+00
845,4.792124412617e+03,4.706337339366e+02,5.006363934409e+00
846,4.431947078577e+03,4.039631690356e+02,4.297156141727e+00
847,4.567601435866e+03,4.096850295686e+02,4.358022403842e+00
848,4.870998367463e+03,5.010831132405e+02,5.330269050809e+00
849,4.882803444171e+03,5.242171572654e+02,5.576357325643e+00
850,4.927487264343e+03,5.266560537961e+02,5.602301074997e+00
851,4.933562188693e+03,5.203272605517e+02,5.534978569273e+00
852,4.842331385930e+03,5.072560186824e+02,5.395933300832e+00
853,4.622424257115e+03,4.620871740276e+02,4.915449947148e+00
854,4.600265702464e+03,4.471324225513e+02,4.756368854909e+00
855,4.912807723186e+03,5.313982430775e+02,5.652746089191e+00
856,4.912413531740e+03,5.267070675851e+02,5.602843733917e+00
857,4.927776075088e+03,5.213266575294e+02,5.545609649505e+00
858,4.935523113649e+03,5.533246124391e+02,5.885987730980e+00
859,4.844555845489e+03,4.639840061374e+02,4.935627489002e+00
860,4.653757144992e+03,4.600268743214e+02,4.893533519576e+00
861,4.586373817850e+03,4.669868971280e+02,4.967570726535e+00
862,4.843474499783e+03,4.863507618896e+02,5.173553738765e+00
863,4.915689324804e+03,5.307259404274e+02,5.645594473194e+00
864,4.930589091673e+03,5.025602948115e+02,5.345982562205e+00
865,4.946171634890e+03,4.815768231987e+02,5.122770990390e+00
866,4.863928050290e+03,4.994478988334e+02,5.312874465928e+00
867,4.617394201697e+03,4.452894599047e+02,4.736764349195e+00
868,4.521832078056e+03,4.564560982186e+02,4.855549407070e+00
869,4.821647973143e+03,4.702468146828e+02,5.002248082829e+00
870,4.876380989411e+03,5.175853214942e+02,5.505811206592e+00
871,4.879242725158e+03,5.299606908982e+02,5.637454135247e+00
872,4.871477677156e+03,5.052290312443e+02,5.374371232341e+00
873,4.776066789105e+03,5.127420599656e+02,5.454291036886e+00
874,4.597810860391e+03,4.129858807879e+02,4.393135191783e+00
875,4.417467566602e+03,4.084739835707e+02,4.345139908242e+00
876,4.429869154099e+03,3.934119740165e+02,4.184917858749e+00
877,4.486260493913e+03,4.579481863514e+02,4.871421486941e+00
878,4.563960418892e+03,4.360451257318e+02,4.638427791775e+00
879,4.487556318699e+03,4.330708234178e+02,4.606788666144e+00
880,4.501101564561e+03,4.295916687370e+02,4.569779176045e+00
881,4.497387799264e+03,4.256501803147e+02,4.527851613139e+00
882,4.396351788904e+03,4.011358681652e+02,4.267080743198e+00
883,4.555925091379e+03,4.551063138957e+02,4.841191083247e+00
884,4.587431288883e+03,4.555781921927e+02,4.846210686215e+00
885,4.595771606277e+03,4.376288869902e+02,4.655275044050e+00
886,4.573726056060e+03,4.736525379289e+02,5.038476446417e+00
887,4.597299285966e+03,4.336037694047e+02,4.612457876350e+00
888,4.299019422399e+03,3.883832967287e+02,4.131425329855e+00
889,4.520019335899e+03,3.801385260692e+02,4.043721624189e+00
890,4.829917461690e+03,5.012147882379e+02,5.331669742919e+00
891,4.890512635617e+03,5.025984018474e+02,5.346387925604e+00
892,4.866532830832e+03,5.204308909601e+02,5.536080937212e+00
893,4.820978960860e+03,4.608165443358e+02,4.901933630309e+00
894,4.818613128311e+03,4.728201839195e+02,5.029622284905e+00
895,4.585401476910e+03,4.176036483331e+02,4.442256670395e+00
896,4.515871102516e+03,4.036841217756e+02,4.294187777928e+00
897,4.854378154196e+03,4.992613755598e+02,5.310890325560e+00
898,4.915993489821e+03,5.282691655676e+02,5.619460543205e+00
899,4.946000656858e+03,5.284201056996e+02,5.621066168087e+00
900,4.938613782601e+03,5.195470752683e+02,5.526679352317e+00
901,4.855912335847e+03,5.088508262241e+02,5.412898057889e+00
902,4.343718051771e+03,4.345313722617e+02,4.622325246990e+00
903,4.520760335851e+03,4.382609594818e+02,4.661998711943e+00
904,4.890741931503e+03,5.298253768692e+02,5.636014732956e+00
905,4.916276262701e+03,5.265029557359e+02,5.600672495166e+00
906,4.937588512884e+03,5.236068665504e+02,5.569865361287e+00
907,4.917222951011e+03,5.528068677599e+02,5.880480224607e+00
908,4.883721530694e+03,4.699815769410e+02,4.999426617709e+00
909,4.611959813473e+03,4.556268621015e+02,4.846728412121e+00
910,4.527599529572e+03,4.603046936281e+02,4.896488821028e+00
911,4.873020916293e+03,4.885916382822e+02,5.197391049915e+00
912,4.923102129139e+03,5.329797917816e+02,5.669569805431e+00
913,4.924732495147e+03,5.028766709551e+02,5.349348011812e+00
914,4.901681247072e+03,4.792106891890e+02,5.097601251980e+00
915,4.881951454703e+03,5.020606636112e+02,5.340667737870e+00
916,4.628445357807e+03,4.435466587375e+02,4.718225310704e+00
917,4.474078247677e+03,4.515049840951e+02,4.802881955938e+00
918,4.816787640004e+03,4.707363215916e+02,5.007455210064e+00
919,4.858557491240e+03,5.155746577990e+02,5.484422781832e+00
920,4.882605882179e+03,5.322542001120e+02,5.661851327762e+00
921,4.890675954982e+03,5.076198930639e+02,5.399804012702e+00
922,4.779804075203e+03,5.166267200223e+02,5.495614088344e+00
923,4.648269196964e+03,4.164481054948e+02,4.429964589370e+00
924,4.237803563703e+03,3.915774250191e+02,4.165402853185e+00
925,4.488951200212e+03,4.001436065227e+02,4.256525565057e+00
926,4.693646898717e+03,4.801950091090e+02,5.108071950088e+00
927,4.529379962682e+03,4.341002815061e+02,4.617739521285e+00
928,4.605409268709e+03,4.457778568380e+02,4.741959669072e+00
929,4.541957256085e+03,4.329753944184e+02,4.605773540651e+00
930,4.443662769116e+03,4.209744041614e+02,4.478113068255e+00
931,4.349794612876e+03,3.962598193341e+02,4.215211798730e+00
932,4.598468976806e+03,4.579510555919e+02,4.871452008472e+00
933,4.470367775660e+03,4.441830954876e+02,4.724995403374e+00
934,4.591452860933e+03,4.363198250577e+02,4.641349904449e+00
935,4.642387369268e+03,4.814596555050e+02,5.121524619649e+00
936,4.596002806913e+03,4.343948851808e+02,4.620873366367e+00
937,4.290403553805e+03,3.871279653146e+02,4.118071748366e+00
938,4.507768643033e+03,3.808407562372e+02,4.051191594005e+00
939,4.902031848094e+03,5.099640367403e+02,5.424739829054e+00
940,4.852325848849e+03,4.986555344929e+02,5.304445694313e+00
941,4.890017862493e+03,5.246099382645e+02,5.580535531509e+00
942,4.884855031889e+03,4.687953707929e+02,4.986808355883e+00
943,4.806193399855e+03,4.718777512039e+02,5.019597161719e+00
944,4.587799985291e+03,4.195243631053e+02,4.462688263946e+00
945,4.497394765560e+03,4.031044163923e+02,4.288021164881e+00
946,4.882333944983e+03,5.029400909296e+02,5.350022641466e+00
947,4.926996896739e+03,5.294375195458e+02,5.631888902665e+00
948,4.926602120005e+03,5.262713783627e+02,5.598209092044e+00
949,4.952668196109e+03,5.230610475374e+02,5.564059214333e+00
950,4.859987840310e+03,5.090719922554e+02,5.415250710415e+00
951,4.465923008382e+03,4.469260762183e+02,4.754173846849e+00
952,4.686762906204e+03,4.568185152574e+02,4.859404616464e+00
953,4.875784264702e+03,5.295153902611e+02,5.632717252000e+00
954,4.920890943645e+03,5.276310189222e+02,5.612672261533e+00
955,4.913607360115e+03,5.198618571659e+02,5.530027843140e+00
956,4.951386190814e+03,5.552238988605e+02,5.906191380561e+00
957,4.898586001587e+03,4.693356659290e+02,4.992555742626e+00
958,4.539676250871e+03,4.485603081509e+02,4.771557980662e+00
959,4.607981757630e+03,4.689780146793e+02,4.988751229289e+00
960,4.843074420970e+03,4.855513573402e+02,5.165050076965e+00
961,4.916701016308e+03,5.323774858023e+02,5.663162778661e+00
962,4.930187124071e+03,5.019113401444e+02,5.339079310257e+00
963,4.913742432609e+03,4.798665159452e+02,5.104577605740e+00
964,4.836683778934e+03,4.966653091022e+02,5.283274681913e+00
965,4.514824838344e+03,4.330983301011e+02,4.607081268346e+00
966,4.529683321772e+03,4.557351599681e+02,4.847880430122e+00
967,4.870762973098e+03,4.747625520433e+02,5.050284215874e+00
968,4.883428512940e+03,5.186075928785e+02,5.516685613206e+00
969,4.918219940353e+03,5.356014505093e+02,5.697457686720e+00
970,4.859571327535e+03,5.042422404271e+02,5.363874250077e+00
971,4.815582761585e+03,5.201548451035e+02,5.533144500826e+00
972,4.525887960794e+03,4.065504412260e+02,4.324678236401e+00
973,4.243677070202e+03,3.918363651354e+02,4.168157327345e+00
974,4.539945682493e+03,4.045073775744e+02,4.302945157271e+00
975,4.434528849879e+03,4.541234117557e+02,4.830735466767e+00
976,4.672665501888e+03,4.490511240427e+02,4.776779032198e+00
977,4.615266334109e+03,4.457314650831e+02,4.741466177017e+00
978,4.556991356132e+03,4.352283551895e+02,4.629739399315e+00
979,4.246640479402e+03,4.025120024336e+02,4.281719364430e+00
980,4.288292363053e+03,3.912591950484e+02,4.162017683501e+00
981,4.563294534620e+03,4.543810935618e+02,4.833476555660e+00
982,4.609147787336e+03,4.574665091646e+02,4.866297648333e+00
983,4.600435451170e+03,4.370787758544e+02,4.649423239661e+00
984,4.557352047724e+03,4.721635173659e+02,5.022636997804e+00
985,4.627239408966e+03,4.359682302268e+02,4.637609816235e+00
986,4.347754354299e+03,3.927339317949e+02,4.177705188089e+00
987,4.583460789189e+03,3.851818237820e+02,4.097369677780e+00
988,4.791389200107e+03,4.977947076160e+02,5.295288652819e+00
989,4.875576059252e+03,5.005157110371e+02,5.324233312776e+00
990,4.891196309775e+03,5.233230752945e+02,5.566846533257e+00
991,4.886410531867e+03,4.687895341461e+02,4.986746268583e+00
992,4.809763356455e+03,4.717750730714e+02,5.018504923611e+00
993,4.509767025764e+03,4.105780654669e+02,4.367522068637e+00
994,4.563440886520e+03,4.094595165257e+02,4.355623510004e+00
995,4.860530428380e+03,5.008861340940e+02,5.328173686147e+00
996,4.935770404887e+03,5.309005709092e+02,5.647452104050e+00
997,4.930704720419e+03,5.271276753967e+02,5.607317947359e+00
998,4.903736864150e+03,5.173543251926e+02,5.503353984617e+00
999,4.905412629896e+03,5.142149553913e+02,5.469958954433e+00
